method,seed,front_size,balanced_score,min_water,min_deficit,min_excess,evaluations,seconds
NSGA_II,261400,48,0.2196853690518855,4.770510396442479,0.0,0.0,3072,0.08715858400000798
NSGA_II,261401,47,0.21981120563804007,8.028241324744544,0.0,0.0,3072,0.06327106799994908
NSGA_II,261402,47,0.21926398075287795,8.125115077405829,0.0,0.0,3072,0.06500388199992813
NSGA_II,261403,46,0.21962742119663559,9.978250136064515,0.0,0.0,3072,0.06427601600000798
NSGA_II,261404,46,0.21935247491462176,6.971236120797706,0.0,0.0,3072,0.06712219500002448
NSGA_II,261405,47,0.21654778019031604,7.103907096139001,0.0,0.0,3072,0.06320606600002066
NSGA_II,261406,47,0.2193066186678256,7.291161906061957,0.0,0.0,3072,0.0651897900000904
NSGA_II,261407,47,0.21935680581773442,2.883709335877014,0.0,0.0,3072,0.06457762899992758
NSGA_II,261408,47,0.21928521540445814,12.422569619887765,0.0,0.0,3072,0.06720389800000248
NSGA_II,261409,47,0.21927915012497068,8.800520947605632,0.0,0.0,3072,0.06906177099995148
NSGA_II,261410,45,0.21929944944903404,5.837878244824855,0.0,0.0,3072,0.06574722700008806
NSGA_II,261411,47,0.21936337200252778,6.477727881707849,0.0,0.0,3072,0.06575324699997509
NSGA_II,261412,47,0.21924287346285484,4.011005611913245,0.0,0.0,3072,0.0668901060000735
NSGA_II,261413,47,0.2192981168515759,10.523903455273176,0.0,0.0,3072,0.06660171199996512
NSGA_II,261414,47,0.21961349936357966,5.865356055917808,0.0,0.0,3072,0.06616609699995024
NSGA_II,261415,47,0.2198179821250072,5.307572852673351,0.0,0.0,3072,0.06886960700001055
NSGA_II,261416,47,0.2193747138195762,7.1676550909491015,0.0,0.0,3072,0.0690513549999423
NSGA_II,261417,47,0.21935864880819494,8.997189103462944,0.0,0.0,3072,0.06798364999997375
NSGA_II,261418,46,0.21929663191364798,6.841612866537322,0.0,0.0,3072,0.06764305800004422
NSGA_II,261419,45,0.22015895376129768,5.440866434100708,0.0,0.0,3072,0.0667016129999638
weighted_balanced,261400,1,0.21508530988168664,35.08833969938328,1.743320601233453,0.0,3072,0.013077082999984668
weighted_balanced,261401,43,0.21508572763850714,35.08798872395325,1.7440224326920948,0.0,3072,0.013818456999956652
weighted_balanced,261402,1,0.21509331721911343,35.09269323202765,1.7383067679723432,0.0,3072,0.013032264999992549
weighted_balanced,261403,1,0.21508478893122535,35.08877729777073,1.7424454044585467,0.0,3072,0.01304094800002531
weighted_balanced,261404,1,0.21509846163991486,35.0772922224715,1.7654155550569932,0.0,3072,0.013706409000064923
weighted_balanced,261405,38,0.2150845238101945,35.088999992193166,1.7419999954958563,0.0,3072,0.013857406000056471
weighted_balanced,261406,1,0.2150910219464887,35.08354156494951,1.7529168701009787,0.0,3072,0.013017783999998755
weighted_balanced,261407,38,0.21508452380953072,35.08899998639072,1.7419999938720316,0.0,3072,0.01388220400008322
weighted_balanced,261408,2,0.21508551126401243,35.08649398007665,1.7415852691147684,0.0,3072,0.012639014000001225
weighted_balanced,261409,25,0.21508452392874292,35.08899930295682,1.7419996017712052,0.0,3072,0.016799680999952216
weighted_balanced,261410,1,0.21508789535081468,35.08616790531562,1.7476641893687521,0.0,3072,0.013488350999978138
weighted_balanced,261411,44,0.21508452381010407,35.088999986394235,1.741999996351975,0.0,3072,0.014468254999997043
weighted_balanced,261412,1,0.2150981081555202,35.07758914936298,1.7648217012740197,0.0,3072,0.013988623000045664
weighted_balanced,261413,1,0.21508488930069367,35.08869298741735,1.742614025165306,0.0,3072,0.013280419000011534
weighted_balanced,261414,1,0.21508470582412353,35.08884710773617,1.742305784527641,0.0,3072,0.01305733300000611
weighted_balanced,261415,43,0.21508461356005032,35.088924457491125,1.7421507808845398,0.0,3072,0.015302308999935121
weighted_balanced,261416,1,0.21508507697364113,35.088535342141405,1.7429293157171735,0.0,3072,0.013958517999981268
weighted_balanced,261417,39,0.21508452380953016,35.08899999236863,1.7419999954658358,0.0,3072,0.013282400999969468
weighted_balanced,261418,1,0.21508559453463613,35.08810059090566,1.743798818188683,0.0,3072,0.014223978000018178
weighted_balanced,261419,4,0.21508474147848397,35.0887151201153,1.741857542252145,0.0,3072,0.014135634000012942
weighted_water,261400,9,0.8015130636660075,0.00474110234395106,224.4097858121952,0.0,3072,0.013016090999940388
weighted_water,261401,14,0.8011936050154674,0.011040185735158817,224.2908277261945,0.0,3072,0.012893496000060622
weighted_water,261402,13,0.801555372165662,0.0012484014628939629,224.43097588824907,0.0,3072,0.013321991999987404
weighted_water,261403,8,0.8012599747589204,0.01790384588007341,224.2933062476137,0.0,3072,0.013470393999909902
weighted_water,261404,10,0.8013738862082846,0.002960424754610424,224.3664088953555,0.0,3072,0.012668447999999444
weighted_water,261405,18,0.8011817950072355,0.006396619414263257,224.2853001998778,0.0,3072,0.01552295999999842
weighted_water,261406,11,0.8015604844402899,0.0012689110969007155,224.43117289473903,0.0,3072,0.01528235900002528
weighted_water,261407,14,0.801558528375219,0.0033339430486822473,224.42614335067827,0.0,3072,0.01590352300001996
weighted_water,261408,13,0.8015327949141146,0.005612546867009981,224.41298541377483,0.0,3072,0.013357273999986319
weighted_water,261409,14,0.8015287320009132,0.001610571194089873,224.4163971618895,0.0,3072,0.014318478999939543
weighted_water,261410,13,0.8015629321919245,0.002414418229318639,224.43021402034583,0.0,3072,0.012481637999940176
weighted_water,261411,15,0.801539826659033,0.0018565836205619085,224.42054057325635,0.0,3072,0.013113417999988997
weighted_water,261412,11,0.8015732192683678,0.0007560006128642769,224.43640188588705,0.0,3072,0.013511276000031103
weighted_water,261413,5,0.8015287392649713,0.0029399496119583424,224.41694979341804,0.0,3072,0.013693618999923274
weighted_water,261414,9,0.8010204352961271,0.03041920217343752,224.19149861113644,0.0,3072,0.013323704000072212
weighted_water,261415,9,0.8014321452702501,0.00648526591342436,224.37844298609537,0.0,3072,0.01300444299999981
weighted_water,261416,14,0.8013445793813676,0.005996669636408137,224.34671921392825,0.0,3072,0.013339556999994784
weighted_water,261417,10,0.8015085394576144,0.005118239349391329,224.40166988343807,0.0,3072,0.013306657000043742
weighted_water,261418,5,0.801493901978427,0.007130980097511857,224.3993178600002,0.0,3072,0.013336832999925718
weighted_water,261419,10,0.8014530243835235,0.008859677306235067,224.3857578005093,0.0,3072,0.013111685000012585
weighted_comfort,261400,6,0.21922968277012883,36.829966763454095,0.0,0.0,3072,0.014069404999986546
weighted_comfort,261401,2,0.21922936889615893,36.82983493638675,0.0,0.0,3072,0.013378476000070805
weighted_comfort,261402,1,0.2192606555039828,36.83579012466911,0.0,0.0,3072,0.012715909999997166
weighted_comfort,261403,1,0.21924641809738127,36.833398240360054,0.0,0.0,3072,0.012956391999978223
weighted_comfort,261404,6,0.21923214285015277,36.83099999706416,0.0,0.0,3072,0.013949373999935233
weighted_comfort,261405,1,0.21923498212214523,36.8314769965204,0.0,0.0,3072,0.015100565000011557
weighted_comfort,261406,1,0.21923117256818841,36.83059247863913,0.0004075213608629724,0.0,3072,0.014398610000057488
weighted_comfort,261407,1,0.2192669861852454,36.836853679121226,0.0,0.0,3072,0.013332896999941113
weighted_comfort,261408,1,0.21924023142957347,36.83235888016834,0.0,0.0,3072,0.01425687599999037
weighted_comfort,261409,1,0.2192324239622764,36.83104722566244,0.0,0.0,3072,0.014995446999932938
weighted_comfort,261410,2,0.21923195914832652,36.830922842297134,0.0,0.0,3072,0.013401779999981045
weighted_comfort,261411,1,0.21924003081784874,36.83232517739859,0.0,0.0,3072,0.013948331999927177
weighted_comfort,261412,1,0.21923214941043895,36.83100110095374,0.0,0.0,3072,0.013780150000002322
weighted_comfort,261413,1,0.21923379391734593,36.831277378114116,0.0,0.0,3072,0.0135837249999895
weighted_comfort,261414,1,0.21926491676856003,36.83650601711808,0.0,0.0,3072,0.013432186000045476
weighted_comfort,261415,2,0.21923210788775346,36.830985312856455,0.0,0.0,3072,0.014751320000073065
weighted_comfort,261416,1,0.21923952789463794,36.83224068629917,0.0,0.0,3072,0.01339187700000366
weighted_comfort,261417,1,0.2192377003317778,36.83193365573867,0.0,0.0,3072,0.014182964999918113
weighted_comfort,261418,1,0.21923198538151348,36.83093386023567,6.613976432490176e-05,0.0,3072,0.013801962999991702
weighted_comfort,261419,1,0.21923214288347034,36.83100000442302,0.0,0.0,3072,0.012881348000064463
